{
  "032018": {
    "code": "032018",
    "prefecture_code": "03",
    "prefecture": "岩手県",
    "prefecture_kana": "イワテケン",
    "city": "盛岡市",
    "city_kana": "モリオカシ",
    "prefecture_capital": true
  },
  "032026": {
    "code": "032026",
    "prefecture_code": "03",
    "prefecture": "岩手県",
    "prefecture_kana": "イワテケン",
    "city": "宮古市",
    "city_kana": "ミヤコシ",
    "prefecture_capital": false
  },
  "032034": {
    "code": "032034",
    "prefecture_code": "03",
    "prefecture": "岩手県",
    "prefecture_kana": "イワテケン",
    "city": "大船渡市",
    "city_kana": "オオフナトシ",
    "prefecture_capital": false
  },
  "032051": {
    "code": "032051",
    "prefecture_code": "03",
    "prefecture": "岩手県",
    "prefecture_kana": "イワテケン",
    "city": "花巻市",
    "city_kana": "ハナマキシ",
    "prefecture_capital": false
  },
  "032069": {
    "code": "032069",
    "prefecture_code": "03",
    "prefecture": "岩手県",
    "prefecture_kana": "イワテケン",
    "city": "北上市",
    "city_kana": "キタカミシ",
    "prefecture_capital": false
  },
  "032077": {
    "code": "032077",
    "prefecture_code": "03",
    "prefecture": "岩手県",
    "prefecture_kana": "イワテケン",
    "city": "久慈市",
    "city_kana": "クジシ",
    "prefecture_capital": false
  },
  "032085": {
    "code": "032085",
    "prefecture_code": "03",
    "prefecture": "岩手県",
    "prefecture_kana": "イワテケン",
    "city": "遠野市",
    "city_kana": "トオノシ",
    "prefecture_capital": false
  },
  "032093": {
    "code": "032093",
    "prefecture_code": "03",
    "prefecture": "岩手県",
    "prefecture_kana": "イワテケン",
    "city": "一関市",
    "city_kana": "イチノセキシ",
    "prefecture_capital": false
  },
  "032107": {
    "code": "032107",
    "prefecture_code": "03",
    "prefecture": "岩手県",
    "prefecture_kana": "イワテケン",
    "city": "陸前高田市",
    "city_kana": "リクゼンタカタシ",
    "prefecture_capital": false
  },
  "032115": {
    "code": "032115",
    "prefecture_code": "03",
    "prefecture": "岩手県",
    "prefecture_kana": "イワテケン",
    "city": "釜石市",
    "city_kana": "カマイシシ",
    "prefecture_capital": false
  },
  "032131": {
    "code": "032131",
    "prefecture_code": "03",
    "prefecture": "岩手県",
    "prefecture_kana": "イワテケン",
    "city": "二戸市",
    "city_kana": "ニノヘシ",
    "prefecture_capital": false
  },
  "032140": {
    "code": "032140",
    "prefecture_code": "03",
    "prefecture": "岩手県",
    "prefecture_kana": "イワテケン",
    "city": "八幡平市",
    "city_kana": "ハチマンタイシ",
    "prefecture_capital": false
  },
  "032158": {
    "code": "032158",
    "prefecture_code": "03",
    "prefecture": "岩手県",
    "prefecture_kana": "イワテケン",
    "city": "奥州市",
    "city_kana": "オウシュウシ",
    "prefecture_capital": false
  },
  "032166": {
    "code": "032166",
    "prefecture_code": "03",
    "prefecture": "岩手県",
    "prefecture_kana": "イワテケン",
    "city": "滝沢市",
    "city_kana": "タキザワシ",
    "prefecture_capital": false
  },
  "033014": {
    "code": "033014",
    "prefecture_code": "03",
    "prefecture": "岩手県",
    "prefecture_kana": "イワテケン",
    "city": "雫石町",
    "city_kana": "シズクイシチョウ",
    "prefecture_capital": false
  },
  "033022": {
    "code": "033022",
    "prefecture_code": "03",
    "prefecture": "岩手県",
    "prefecture_kana": "イワテケン",
    "city": "葛巻町",
    "city_kana": "クズマキマチ",
    "prefecture_capital": false
  },
  "033031": {
    "code": "033031",
    "prefecture_code": "03",
    "prefecture": "岩手県",
    "prefecture_kana": "イワテケン",
    "city": "岩手町",
    "city_kana": "イワテマチ",
    "prefecture_capital": false
  },
  "033219": {
    "code": "033219",
    "prefecture_code": "03",
    "prefecture": "岩手県",
    "prefecture_kana": "イワテケン",
    "city": "紫波町",
    "city_kana": "シワチョウ",
    "prefecture_capital": false
  },
  "033227": {
    "code": "033227",
    "prefecture_code": "03",
    "prefecture": "岩手県",
    "prefecture_kana": "イワテケン",
    "city": "矢巾町",
    "city_kana": "ヤハバチョウ",
    "prefecture_capital": false
  },
  "033669": {
    "code": "033669",
    "prefecture_code": "03",
    "prefecture": "岩手県",
    "prefecture_kana": "イワテケン",
    "city": "西和賀町",
    "city_kana": "ニシワガマチ",
    "prefecture_capital": false
  },
  "033812": {
    "code": "033812",
    "prefecture_code": "03",
    "prefecture": "岩手県",
    "prefecture_kana": "イワテケン",
    "city": "金ケ崎町",
    "city_kana": "カネガサキチョウ",
    "prefecture_capital": false
  },
  "034029": {
    "code": "034029",
    "prefecture_code": "03",
    "prefecture": "岩手県",
    "prefecture_kana": "イワテケン",
    "city": "平泉町",
    "city_kana": "ヒライズミチョウ",
    "prefecture_capital": false
  },
  "034410": {
    "code": "034410",
    "prefecture_code": "03",
    "prefecture": "岩手県",
    "prefecture_kana": "イワテケン",
    "city": "住田町",
    "city_kana": "スミタチョウ",
    "prefecture_capital": false
  },
  "034614": {
    "code": "034614",
    "prefecture_code": "03",
    "prefecture": "岩手県",
    "prefecture_kana": "イワテケン",
    "city": "大槌町",
    "city_kana": "オオツチチョウ",
    "prefecture_capital": false
  },
  "034827": {
    "code": "034827",
    "prefecture_code": "03",
    "prefecture": "岩手県",
    "prefecture_kana": "イワテケン",
    "city": "山田町",
    "city_kana": "ヤマダマチ",
    "prefecture_capital": false
  },
  "034835": {
    "code": "034835",
    "prefecture_code": "03",
    "prefecture": "岩手県",
    "prefecture_kana": "イワテケン",
    "city": "岩泉町",
    "city_kana": "イワイズミチョウ",
    "prefecture_capital": false
  },
  "034843": {
    "code": "034843",
    "prefecture_code": "03",
    "prefecture": "岩手県",
    "prefecture_kana": "イワテケン",
    "city": "田野畑村",
    "city_kana": "タノハタムラ",
    "prefecture_capital": false
  },
  "034851": {
    "code": "034851",
    "prefecture_code": "03",
    "prefecture": "岩手県",
    "prefecture_kana": "イワテケン",
    "city": "普代村",
    "city_kana": "フダイムラ",
    "prefecture_capital": false
  },
  "035017": {
    "code": "035017",
    "prefecture_code": "03",
    "prefecture": "岩手県",
    "prefecture_kana": "イワテケン",
    "city": "軽米町",
    "city_kana": "カルマイマチ",
    "prefecture_capital": false
  },
  "035033": {
    "code": "035033",
    "prefecture_code": "03",
    "prefecture": "岩手県",
    "prefecture_kana": "イワテケン",
    "city": "野田村",
    "city_kana": "ノダムラ",
    "prefecture_capital": false
  },
  "035068": {
    "code": "035068",
    "prefecture_code": "03",
    "prefecture": "岩手県",
    "prefecture_kana": "イワテケン",
    "city": "九戸村",
    "city_kana": "クノヘムラ",
    "prefecture_capital": false
  },
  "035076": {
    "code": "035076",
    "prefecture_code": "03",
    "prefecture": "岩手県",
    "prefecture_kana": "イワテケン",
    "city": "洋野町",
    "city_kana": "ヒロノチョウ",
    "prefecture_capital": false
  },
  "035246": {
    "code": "035246",
    "prefecture_code": "03",
    "prefecture": "岩手県",
    "prefecture_kana": "イワテケン",
    "city": "一戸町",
    "city_kana": "イチノヘマチ",
    "prefecture_capital": false
  }
}
