{
  "082015": {
    "code": "082015",
    "prefecture_code": "08",
    "prefecture": "茨城県",
    "prefecture_kana": "イバラキケン",
    "city": "水戸市",
    "city_kana": "ミトシ",
    "prefecture_capital": true
  },
  "082023": {
    "code": "082023",
    "prefecture_code": "08",
    "prefecture": "茨城県",
    "prefecture_kana": "イバラキケン",
    "city": "日立市",
    "city_kana": "ヒタチシ",
    "prefecture_capital": false
  },
  "082031": {
    "code": "082031",
    "prefecture_code": "08",
    "prefecture": "茨城県",
    "prefecture_kana": "イバラキケン",
    "city": "土浦市",
    "city_kana": "ツチウラシ",
    "prefecture_capital": false
  },
  "082040": {
    "code": "082040",
    "prefecture_code": "08",
    "prefecture": "茨城県",
    "prefecture_kana": "イバラキケン",
    "city": "古河市",
    "city_kana": "コガシ",
    "prefecture_capital": false
  },
  "082058": {
    "code": "082058",
    "prefecture_code": "08",
    "prefecture": "茨城県",
    "prefecture_kana": "イバラキケン",
    "city": "石岡市",
    "city_kana": "イシオカシ",
    "prefecture_capital": false
  },
  "082074": {
    "code": "082074",
    "prefecture_code": "08",
    "prefecture": "茨城県",
    "prefecture_kana": "イバラキケン",
    "city": "結城市",
    "city_kana": "ユウキシ",
    "prefecture_capital": false
  },
  "082082": {
    "code": "082082",
    "prefecture_code": "08",
    "prefecture": "茨城県",
    "prefecture_kana": "イバラキケン",
    "city": "龍ケ崎市",
    "city_kana": "リュウガサキシ",
    "prefecture_capital": false
  },
  "082104": {
    "code": "082104",
    "prefecture_code": "08",
    "prefecture": "茨城県",
    "prefecture_kana": "イバラキケン",
    "city": "下妻市",
    "city_kana": "シモツマシ",
    "prefecture_capital": false
  },
  "082112": {
    "code": "082112",
    "prefecture_code": "08",
    "prefecture": "茨城県",
    "prefecture_kana": "イバラキケン",
    "city": "常総市",
    "city_kana": "ジョウソウシ",
    "prefecture_capital": false
  },
  "082121": {
    "code": "082121",
    "prefecture_code": "08",
    "prefecture": "茨城県",
    "prefecture_kana": "イバラキケン",
    "city": "常陸太田市",
    "city_kana": "ヒタチオオタシ",
    "prefecture_capital": false
  },
  "082147": {
    "code": "082147",
    "prefecture_code": "08",
    "prefecture": "茨城県",
    "prefecture_kana": "イバラキケン",
    "city": "高萩市",
    "city_kana": "タカハギシ",
    "prefecture_capital": false
  },
  "082155": {
    "code": "082155",
    "prefecture_code": "08",
    "prefecture": "茨城県",
    "prefecture_kana": "イバラキケン",
    "city": "北茨城市",
    "city_kana": "キタイバラキシ",
    "prefecture_capital": false
  },
  "082163": {
    "code": "082163",
    "prefecture_code": "08",
    "prefecture": "茨城県",
    "prefecture_kana": "イバラキケン",
    "city": "笠間市",
    "city_kana": "カサマシ",
    "prefecture_capital": false
  },
  "082171": {
    "code": "082171",
    "prefecture_code": "08",
    "prefecture": "茨城県",
    "prefecture_kana": "イバラキケン",
    "city": "取手市",
    "city_kana": "トリデシ",
    "prefecture_capital": false
  },
  "082198": {
    "code": "082198",
    "prefecture_code": "08",
    "prefecture": "茨城県",
    "prefecture_kana": "イバラキケン",
    "city": "牛久市",
    "city_kana": "ウシクシ",
    "prefecture_capital": false
  },
  "082201": {
    "code": "082201",
    "prefecture_code": "08",
    "prefecture": "茨城県",
    "prefecture_kana": "イバラキケン",
    "city": "つくば市",
    "city_kana": "ツクバシ",
    "prefecture_capital": false
  },
  "082210": {
    "code": "082210",
    "prefecture_code": "08",
    "prefecture": "茨城県",
    "prefecture_kana": "イバラキケン",
    "city": "ひたちなか市",
    "city_kana": "ヒタチナカシ",
    "prefecture_capital": false
  },
  "082228": {
    "code": "082228",
    "prefecture_code": "08",
    "prefecture": "茨城県",
    "prefecture_kana": "イバラキケン",
    "city": "鹿嶋市",
    "city_kana": "カシマシ",
    "prefecture_capital": false
  },
  "082236": {
    "code": "082236",
    "prefecture_code": "08",
    "prefecture": "茨城県",
    "prefecture_kana": "イバラキケン",
    "city": "潮来市",
    "city_kana": "イタコシ",
    "prefecture_capital": false
  },
  "082244": {
    "code": "082244",
    "prefecture_code": "08",
    "prefecture": "茨城県",
    "prefecture_kana": "イバラキケン",
    "city": "守谷市",
    "city_kana": "モリヤシ",
    "prefecture_capital": false
  },
  "082252": {
    "code": "082252",
    "prefecture_code": "08",
    "prefecture": "茨城県",
    "prefecture_kana": "イバラキケン",
    "city": "常陸大宮市",
    "city_kana": "ヒタチオオミヤシ",
    "prefecture_capital": false
  },
  "082261": {
    "code": "082261",
    "prefecture_code": "08",
    "prefecture": "茨城県",
    "prefecture_kana": "イバラキケン",
    "city": "那珂市",
    "city_kana": "ナカシ",
    "prefecture_capital": false
  },
  "082279": {
    "code": "082279",
    "prefecture_code": "08",
    "prefecture": "茨城県",
    "prefecture_kana": "イバラキケン",
    "city": "筑西市",
    "city_kana": "チクセイシ",
    "prefecture_capital": false
  },
  "082287": {
    "code": "082287",
    "prefecture_code": "08",
    "prefecture": "茨城県",
    "prefecture_kana": "イバラキケン",
    "city": "坂東市",
    "city_kana": "バンドウシ",
    "prefecture_capital": false
  },
  "082295": {
    "code": "082295",
    "prefecture_code": "08",
    "prefecture": "茨城県",
    "prefecture_kana": "イバラキケン",
    "city": "稲敷市",
    "city_kana": "イナシキシ",
    "prefecture_capital": false
  },
  "082309": {
    "code": "082309",
    "prefecture_code": "08",
    "prefecture": "茨城県",
    "prefecture_kana": "イバラキケン",
    "city": "かすみがうら市",
    "city_kana": "カスミガウラシ",
    "prefecture_capital": false
  },
  "082317": {
    "code": "082317",
    "prefecture_code": "08",
    "prefecture": "茨城県",
    "prefecture_kana": "イバラキケン",
    "city": "桜川市",
    "city_kana": "サクラガワシ",
    "prefecture_capital": false
  },
  "082325": {
    "code": "082325",
    "prefecture_code": "08",
    "prefecture": "茨城県",
    "prefecture_kana": "イバラキケン",
    "city": "神栖市",
    "city_kana": "カミスシ",
    "prefecture_capital": false
  },
  "082333": {
    "code": "082333",
    "prefecture_code": "08",
    "prefecture": "茨城県",
    "prefecture_kana": "イバラキケン",
    "city": "行方市",
    "city_kana": "ナメガタシ",
    "prefecture_capital": false
  },
  "082341": {
    "code": "082341",
    "prefecture_code": "08",
    "prefecture": "茨城県",
    "prefecture_kana": "イバラキケン",
    "city": "鉾田市",
    "city_kana": "ホコタシ",
    "prefecture_capital": false
  },
  "082350": {
    "code": "082350",
    "prefecture_code": "08",
    "prefecture": "茨城県",
    "prefecture_kana": "イバラキケン",
    "city": "つくばみらい市",
    "city_kana": "ツクバミライシ",
    "prefecture_capital": false
  },
  "082368": {
    "code": "082368",
    "prefecture_code": "08",
    "prefecture": "茨城県",
    "prefecture_kana": "イバラキケン",
    "city": "小美玉市",
    "city_kana": "オミタマシ",
    "prefecture_capital": false
  },
  "083020": {
    "code": "083020",
    "prefecture_code": "08",
    "prefecture": "茨城県",
    "prefecture_kana": "イバラキケン",
    "city": "茨城町",
    "city_kana": "イバラキマチ",
    "prefecture_capital": false
  },
  "083097": {
    "code": "083097",
    "prefecture_code": "08",
    "prefecture": "茨城県",
    "prefecture_kana": "イバラキケン",
    "city": "大洗町",
    "city_kana": "オオアライマチ",
    "prefecture_capital": false
  },
  "083101": {
    "code": "083101",
    "prefecture_code": "08",
    "prefecture": "茨城県",
    "prefecture_kana": "イバラキケン",
    "city": "城里町",
    "city_kana": "シロサトマチ",
    "prefecture_capital": false
  },
  "083411": {
    "code": "083411",
    "prefecture_code": "08",
    "prefecture": "茨城県",
    "prefecture_kana": "イバラキケン",
    "city": "東海村",
    "city_kana": "トウカイムラ",
    "prefecture_capital": false
  },
  "083640": {
    "code": "083640",
    "prefecture_code": "08",
    "prefecture": "茨城県",
    "prefecture_kana": "イバラキケン",
    "city": "大子町",
    "city_kana": "ダイゴマチ",
    "prefecture_capital": false
  },
  "084425": {
    "code": "084425",
    "prefecture_code": "08",
    "prefecture": "茨城県",
    "prefecture_kana": "イバラキケン",
    "city": "美浦村",
    "city_kana": "ミホムラ",
    "prefecture_capital": false
  },
  "084433": {
    "code": "084433",
    "prefecture_code": "08",
    "prefecture": "茨城県",
    "prefecture_kana": "イバラキケン",
    "city": "阿見町",
    "city_kana": "アミマチ",
    "prefecture_capital": false
  },
  "084476": {
    "code": "084476",
    "prefecture_code": "08",
    "prefecture": "茨城県",
    "prefecture_kana": "イバラキケン",
    "city": "河内町",
    "city_kana": "カワチマチ",
    "prefecture_capital": false
  },
  "085219": {
    "code": "085219",
    "prefecture_code": "08",
    "prefecture": "茨城県",
    "prefecture_kana": "イバラキケン",
    "city": "八千代町",
    "city_kana": "ヤチヨマチ",
    "prefecture_capital": false
  },
  "085421": {
    "code": "085421",
    "prefecture_code": "08",
    "prefecture": "茨城県",
    "prefecture_kana": "イバラキケン",
    "city": "五霞町",
    "city_kana": "ゴカマチ",
    "prefecture_capital": false
  },
  "085464": {
    "code": "085464",
    "prefecture_code": "08",
    "prefecture": "茨城県",
    "prefecture_kana": "イバラキケン",
    "city": "境町",
    "city_kana": "サカイマチ",
    "prefecture_capital": false
  },
  "085642": {
    "code": "085642",
    "prefecture_code": "08",
    "prefecture": "茨城県",
    "prefecture_kana": "イバラキケン",
    "city": "利根町",
    "city_kana": "トネマチ",
    "prefecture_capital": false
  }
}