{
  "151009": {
    "code": "151009",
    "prefecture_code": "15",
    "prefecture": "新潟県",
    "prefecture_kana": "ニイガタケン",
    "city": "新潟市",
    "city_kana": "ニイガタシ",
    "prefecture_capital": true
  },
  "151017": {
    "code": "151017",
    "prefecture_code": "15",
    "prefecture": "新潟県",
    "prefecture_kana": "ニイガタケン",
    "city": "新潟市北区",
    "city_kana": "ニイガタシキタク",
    "prefecture_capital": false
  },
  "151025": {
    "code": "151025",
    "prefecture_code": "15",
    "prefecture": "新潟県",
    "prefecture_kana": "ニイガタケン",
    "city": "新潟市東区",
    "city_kana": "ニイガタシヒガシク",
    "prefecture_capital": false
  },
  "151033": {
    "code": "151033",
    "prefecture_code": "15",
    "prefecture": "新潟県",
    "prefecture_kana": "ニイガタケン",
    "city": "新潟市中央区",
    "city_kana": "ニイガタシチュウオウク",
    "prefecture_capital": false
  },
  "151041": {
    "code": "151041",
    "prefecture_code": "15",
    "prefecture": "新潟県",
    "prefecture_kana": "ニイガタケン",
    "city": "新潟市江南区",
    "city_kana": "ニイガタシコウナンク",
    "prefecture_capital": false
  },
  "151050": {
    "code": "151050",
    "prefecture_code": "15",
    "prefecture": "新潟県",
    "prefecture_kana": "ニイガタケン",
    "city": "新潟市秋葉区",
    "city_kana": "ニイガタシアキハク",
    "prefecture_capital": false
  },
  "151068": {
    "code": "151068",
    "prefecture_code": "15",
    "prefecture": "新潟県",
    "prefecture_kana": "ニイガタケン",
    "city": "新潟市南区",
    "city_kana": "ニイガタシミナミク",
    "prefecture_capital": false
  },
  "151076": {
    "code": "151076",
    "prefecture_code": "15",
    "prefecture": "新潟県",
    "prefecture_kana": "ニイガタケン",
    "city": "新潟市西区",
    "city_kana": "ニイガタシニシク",
    "prefecture_capital": false
  },
  "151084": {
    "code": "151084",
    "prefecture_code": "15",
    "prefecture": "新潟県",
    "prefecture_kana": "ニイガタケン",
    "city": "新潟市西蒲区",
    "city_kana": "ニイガタシニシカンク",
    "prefecture_capital": false
  },
  "152021": {
    "code": "152021",
    "prefecture_code": "15",
    "prefecture": "新潟県",
    "prefecture_kana": "ニイガタケン",
    "city": "長岡市",
    "city_kana": "ナガオカシ",
    "prefecture_capital": false
  },
  "152048": {
    "code": "152048",
    "prefecture_code": "15",
    "prefecture": "新潟県",
    "prefecture_kana": "ニイガタケン",
    "city": "三条市",
    "city_kana": "サンジョウシ",
    "prefecture_capital": false
  },
  "152056": {
    "code": "152056",
    "prefecture_code": "15",
    "prefecture": "新潟県",
    "prefecture_kana": "ニイガタケン",
    "city": "柏崎市",
    "city_kana": "カシワザキシ",
    "prefecture_capital": false
  },
  "152064": {
    "code": "152064",
    "prefecture_code": "15",
    "prefecture": "新潟県",
    "prefecture_kana": "ニイガタケン",
    "city": "新発田市",
    "city_kana": "シバタシ",
    "prefecture_capital": false
  },
  "152081": {
    "code": "152081",
    "prefecture_code": "15",
    "prefecture": "新潟県",
    "prefecture_kana": "ニイガタケン",
    "city": "小千谷市",
    "city_kana": "オヂヤシ",
    "prefecture_capital": false
  },
  "152099": {
    "code": "152099",
    "prefecture_code": "15",
    "prefecture": "新潟県",
    "prefecture_kana": "ニイガタケン",
    "city": "加茂市",
    "city_kana": "カモシ",
    "prefecture_capital": false
  },
  "152102": {
    "code": "152102",
    "prefecture_code": "15",
    "prefecture": "新潟県",
    "prefecture_kana": "ニイガタケン",
    "city": "十日町市",
    "city_kana": "トオカマチシ",
    "prefecture_capital": false
  },
  "152111": {
    "code": "152111",
    "prefecture_code": "15",
    "prefecture": "新潟県",
    "prefecture_kana": "ニイガタケン",
    "city": "見附市",
    "city_kana": "ミツケシ",
    "prefecture_capital": false
  },
  "152129": {
    "code": "152129",
    "prefecture_code": "15",
    "prefecture": "新潟県",
    "prefecture_kana": "ニイガタケン",
    "city": "村上市",
    "city_kana": "ムラカミシ",
    "prefecture_capital": false
  },
  "152137": {
    "code": "152137",
    "prefecture_code": "15",
    "prefecture": "新潟県",
    "prefecture_kana": "ニイガタケン",
    "city": "燕市",
    "city_kana": "ツバメシ",
    "prefecture_capital": false
  },
  "152161": {
    "code": "152161",
    "prefecture_code": "15",
    "prefecture": "新潟県",
    "prefecture_kana": "ニイガタケン",
    "city": "糸魚川市",
    "city_kana": "イトイガワシ",
    "prefecture_capital": false
  },
  "152170": {
    "code": "152170",
    "prefecture_code": "15",
    "prefecture": "新潟県",
    "prefecture_kana": "ニイガタケン",
    "city": "妙高市",
    "city_kana": "ミョウコウシ",
    "prefecture_capital": false
  },
  "152188": {
    "code": "152188",
    "prefecture_code": "15",
    "prefecture": "新潟県",
    "prefecture_kana": "ニイガタケン",
    "city": "五泉市",
    "city_kana": "ゴセンシ",
    "prefecture_capital": false
  },
  "152226": {
    "code": "152226",
    "prefecture_code": "15",
    "prefecture": "新潟県",
    "prefecture_kana": "ニイガタケン",
    "city": "上越市",
    "city_kana": "ジョウエツシ",
    "prefecture_capital": false
  },
  "152234": {
    "code": "152234",
    "prefecture_code": "15",
    "prefecture": "新潟県",
    "prefecture_kana": "ニイガタケン",
    "city": "阿賀野市",
    "city_kana": "アガノシ",
    "prefecture_capital": false
  },
  "152242": {
    "code": "152242",
    "prefecture_code": "15",
    "prefecture": "新潟県",
    "prefecture_kana": "ニイガタケン",
    "city": "佐渡市",
    "city_kana": "サドシ",
    "prefecture_capital": false
  },
  "152251": {
    "code": "152251",
    "prefecture_code": "15",
    "prefecture": "新潟県",
    "prefecture_kana": "ニイガタケン",
    "city": "魚沼市",
    "city_kana": "ウオヌマシ",
    "prefecture_capital": false
  },
  "152269": {
    "code": "152269",
    "prefecture_code": "15",
    "prefecture": "新潟県",
    "prefecture_kana": "ニイガタケン",
    "city": "南魚沼市",
    "city_kana": "ミナミウオヌマシ",
    "prefecture_capital": false
  },
  "152277": {
    "code": "152277",
    "prefecture_code": "15",
    "prefecture": "新潟県",
    "prefecture_kana": "ニイガタケン",
    "city": "胎内市",
    "city_kana": "タイナイシ",
    "prefecture_capital": false
  },
  "153079": {
    "code": "153079",
    "prefecture_code": "15",
    "prefecture": "新潟県",
    "prefecture_kana": "ニイガタケン",
    "city": "聖籠町",
    "city_kana": "セイロウマチ",
    "prefecture_capital": false
  },
  "153427": {
    "code": "153427",
    "prefecture_code": "15",
    "prefecture": "新潟県",
    "prefecture_kana": "ニイガタケン",
    "city": "弥彦村",
    "city_kana": "ヤヒコムラ",
    "prefecture_capital": false
  },
  "153613": {
    "code": "153613",
    "prefecture_code": "15",
    "prefecture": "新潟県",
    "prefecture_kana": "ニイガタケン",
    "city": "田上町",
    "city_kana": "タガミマチ",
    "prefecture_capital": false
  },
  "153851": {
    "code": "153851",
    "prefecture_code": "15",
    "prefecture": "新潟県",
    "prefecture_kana": "ニイガタケン",
    "city": "阿賀町",
    "city_kana": "アガマチ",
    "prefecture_capital": false
  },
  "154059": {
    "code": "154059",
    "prefecture_code": "15",
    "prefecture": "新潟県",
    "prefecture_kana": "ニイガタケン",
    "city": "出雲崎町",
    "city_kana": "イズモザキマチ",
    "prefecture_capital": false
  },
  "154610": {
    "code": "154610",
    "prefecture_code": "15",
    "prefecture": "新潟県",
    "prefecture_kana": "ニイガタケン",
    "city": "湯沢町",
    "city_kana": "ユザワマチ",
    "prefecture_capital": false
  },
  "154822": {
    "code": "154822",
    "prefecture_code": "15",
    "prefecture": "新潟県",
    "prefecture_kana": "ニイガタケン",
    "city": "津南町",
    "city_kana": "ツナンマチ",
    "prefecture_capital": false
  },
  "155047": {
    "code": "155047",
    "prefecture_code": "15",
    "prefecture": "新潟県",
    "prefecture_kana": "ニイガタケン",
    "city": "刈羽村",
    "city_kana": "カリワムラ",
    "prefecture_capital": false
  },
  "155811": {
    "code": "155811",
    "prefecture_code": "15",
    "prefecture": "新潟県",
    "prefecture_kana": "ニイガタケン",
    "city": "関川村",
    "city_kana": "セキカワムラ",
    "prefecture_capital": false
  },
  "155861": {
    "code": "155861",
    "prefecture_code": "15",
    "prefecture": "新潟県",
    "prefecture_kana": "ニイガタケン",
    "city": "粟島浦村",
    "city_kana": "アワシマウラムラ",
    "prefecture_capital": false
  }
}
